<?xml version="1.0" encoding="UTF-8"?>
<metadata xml:lang="en"><Esri><CreaDate>20220506</CreaDate><CreaTime>15483100</CreaTime><ArcGISFormat>1.0</ArcGISFormat><SyncOnce>FALSE</SyncOnce><DataProperties><itemProps><itemName Sync="TRUE">OlmstedParks</itemName><imsContentType Sync="TRUE">002</imsContentType><itemSize Sync="TRUE">0.000</itemSize><itemLocation><linkage Sync="TRUE">file://\\DESKTOP-HMSRHSG\C$\Users\16056\Desktop\Donovan_Final\Data\OlmstedParks.shp</linkage><protocol Sync="TRUE">Local Area Network</protocol></itemLocation></itemProps><coordRef><type Sync="TRUE">Geographic</type><geogcsn Sync="TRUE">WGS84(DD)</geogcsn><csUnits Sync="TRUE">Angular Unit: degree (0.017453)</csUnits><peXml Sync="TRUE">&lt;GeographicCoordinateSystem xsi:type='typens:GeographicCoordinateSystem' xmlns:xsi='http://www.w3.org/2001/XMLSchema-instance' xmlns:xs='http://www.w3.org/2001/XMLSchema' xmlns:typens='http://www.esri.com/schemas/ArcGIS/2.8.0'&gt;&lt;WKT&gt;GEOGCS[&amp;quot;WGS84(DD)&amp;quot;,DATUM[&amp;quot;WGS84&amp;quot;,SPHEROID[&amp;quot;WGS84&amp;quot;,6378137.0,298.257223563]],PRIMEM[&amp;quot;Greenwich&amp;quot;,0.0],UNIT[&amp;quot;degree&amp;quot;,0.0174532925199433]]&lt;/WKT&gt;&lt;XOrigin&gt;-400&lt;/XOrigin&gt;&lt;YOrigin&gt;-400&lt;/YOrigin&gt;&lt;XYScale&gt;11258999068426.238&lt;/XYScale&gt;&lt;ZOrigin&gt;-100000&lt;/ZOrigin&gt;&lt;ZScale&gt;10000&lt;/ZScale&gt;&lt;MOrigin&gt;-100000&lt;/MOrigin&gt;&lt;MScale&gt;10000&lt;/MScale&gt;&lt;XYTolerance&gt;8.983152841195215e-09&lt;/XYTolerance&gt;&lt;ZTolerance&gt;0.001&lt;/ZTolerance&gt;&lt;MTolerance&gt;0.001&lt;/MTolerance&gt;&lt;HighPrecision&gt;true&lt;/HighPrecision&gt;&lt;LeftLongitude&gt;-180&lt;/LeftLongitude&gt;&lt;/GeographicCoordinateSystem&gt;</peXml></coordRef><lineage><Process ToolSource="c:\program files\arcgis\pro\Resources\ArcToolbox\toolboxes\Conversion Tools.tbx\FeatureClassToFeatureClass" Date="20220506" Time="154831">FeatureClassToFeatureClass Parks C:\Users\16056\Desktop\Donovan_Final\Data Parks.shp # "name_label "name_label" true true false 254 Text 0 0,First,#,Parks,name_label,0,254;street "street" true true false 254 Text 0 0,First,#,Parks,street,0,254;year "year" true true false 33 Double 31 32,First,#,Parks,year,-1,-1;sbl "sbl" true true false 254 Text 0 0,First,#,Parks,sbl,0,254;land_use "land_use" true true false 254 Text 0 0,First,#,Parks,land_use,0,254;type "type" true true false 254 Text 0 0,First,#,Parks,type,0,254;class "class" true true false 254 Text 0 0,First,#,Parks,class,0,254;parkcatego "parkcatego" true true false 254 Text 0 0,First,#,Parks,parkcatego,0,254;parkcate_1 "parkcate_1" true true false 254 Text 0 0,First,#,Parks,parkcate_1,0,254;maintained "maintained" true true false 254 Text 0 0,First,#,Parks,maintained,0,254;acres "acres" true true false 33 Double 31 32,First,#,Parks,acres,-1,-1;park_distr "park_distr" true true false 254 Text 0 0,First,#,Parks,park_distr,0,254;nbhdname "nbhdname" true true false 254 Text 0 0,First,#,Parks,nbhdname,0,254;council_d "council_d" true true false 254 Text 0 0,First,#,Parks,council_d,0,254;designated "designated" true true false 33 Double 31 32,First,#,Parks,designated,-1,-1;baseball_d "baseball_d" true true false 33 Double 31 32,First,#,Parks,baseball_d,-1,-1;baseball_l "baseball_l" true true false 33 Double 31 32,First,#,Parks,baseball_l,-1,-1;basketball "basketball" true true false 33 Double 31 32,First,#,Parks,basketball,-1,-1;canoe_laun "canoe_laun" true true false 33 Double 31 32,First,#,Parks,canoe_laun,-1,-1;casino_lod "casino_lod" true true false 33 Double 31 32,First,#,Parks,casino_lod,-1,-1;concession "concession" true true false 33 Double 31 32,First,#,Parks,concession,-1,-1;cricket_pi "cricket_pi" true true false 33 Double 31 32,First,#,Parks,cricket_pi,-1,-1;dog_park "dog_park" true true false 33 Double 31 32,First,#,Parks,dog_park,-1,-1;fitness_ar "fitness_ar" true true false 33 Double 31 32,First,#,Parks,fitness_ar,-1,-1;flagpole "flagpole" true true false 33 Double 31 32,First,#,Parks,flagpole,-1,-1;football_f "football_f" true true false 33 Double 31 32,First,#,Parks,football_f,-1,-1;fountain "fountain" true true false 33 Double 31 32,First,#,Parks,fountain,-1,-1;golf_cours "golf_cours" true true false 33 Double 31 32,First,#,Parks,golf_cours,-1,-1;handball_c "handball_c" true true false 33 Double 31 32,First,#,Parks,handball_c,-1,-1;hockey_cou "hockey_cou" true true false 33 Double 31 32,First,#,Parks,hockey_cou,-1,-1;ice_rink "ice_rink" true true false 33 Double 31 32,First,#,Parks,ice_rink,-1,-1;natural_ar "natural_ar" true true false 33 Double 31 32,First,#,Parks,natural_ar,-1,-1;nature_cen "nature_cen" true true false 33 Double 31 32,First,#,Parks,nature_cen,-1,-1;parking "parking" true true false 33 Double 31 32,First,#,Parks,parking,-1,-1;picnic_she "picnic_she" true true false 33 Double 31 32,First,#,Parks,picnic_she,-1,-1;playground "playground" true true false 33 Double 31 32,First,#,Parks,playground,-1,-1;pool "pool" true true false 33 Double 31 32,First,#,Parks,pool,-1,-1;pool_indo "pool_indo" true true false 33 Double 31 32,First,#,Parks,pool_indo,-1,-1;public_art "public_art" true true false 33 Double 31 32,First,#,Parks,public_art,-1,-1;recreation "recreation" true true false 33 Double 31 32,First,#,Parks,recreation,-1,-1;restroom "restroom" true true false 33 Double 31 32,First,#,Parks,restroom,-1,-1;skatepark "skatepark" true true false 33 Double 31 32,First,#,Parks,skatepark,-1,-1;soccer_fie "soccer_fie" true true false 33 Double 31 32,First,#,Parks,soccer_fie,-1,-1;softball "softball" true true false 33 Double 31 32,First,#,Parks,softball,-1,-1;splashpad "splashpad" true true false 33 Double 31 32,First,#,Parks,splashpad,-1,-1;t_ball "t_ball" true true false 33 Double 31 32,First,#,Parks,t_ball,-1,-1;tennis "tennis" true true false 33 Double 31 32,First,#,Parks,tennis,-1,-1;track "track" true true false 33 Double 31 32,First,#,Parks,track,-1,-1;multiuse_t "multiuse_t" true true false 33 Double 31 32,First,#,Parks,multiuse_t,-1,-1;multiuse_f "multiuse_f" true true false 33 Double 31 32,First,#,Parks,multiuse_f,-1,-1;objectid "objectid" true true false 33 Double 31 32,First,#,Parks,objectid,-1,-1" #</Process><Process ToolSource="c:\program files\arcgis\pro\Resources\ArcToolbox\toolboxes\Analysis Tools.tbx\Select" Date="20220506" Time="213711">Select C:/Users/16056/Desktop/Donovan_Final/Data\Parks.shp C:/Users/16056/Desktop/Donovan_Final/Data\OlmstedParks.shp ""PARK_DISTR" = 'Olmsted'"</Process></lineage></DataProperties><SyncDate>20220506</SyncDate><SyncTime>21371100</SyncTime><ModDate>20220506</ModDate><ModTime>21371100</ModTime></Esri><dataIdInfo><envirDesc Sync="TRUE">Microsoft Windows 10 Version 10.0 (Build 19043) ; Esri ArcGIS 12.8.0.29751</envirDesc><dataLang><languageCode value="eng" Sync="TRUE"></languageCode><countryCode value="USA" Sync="TRUE"></countryCode></dataLang><idCitation><resTitle Sync="TRUE">OlmstedParks</resTitle><presForm><PresFormCd value="005" Sync="TRUE"></PresFormCd></presForm></idCitation><spatRpType><SpatRepTypCd value="001" Sync="TRUE"></SpatRepTypCd></spatRpType></dataIdInfo><mdLang><languageCode value="eng" Sync="TRUE"></languageCode><countryCode value="USA" Sync="TRUE"></countryCode></mdLang><mdChar><CharSetCd value="004" Sync="TRUE"></CharSetCd></mdChar><distInfo><distFormat><formatName Sync="TRUE">Shapefile</formatName></distFormat><distTranOps><transSize Sync="TRUE">0.000</transSize></distTranOps></distInfo><mdHrLv><ScopeCd value="005" Sync="TRUE"></ScopeCd></mdHrLv><mdHrLvName Sync="TRUE">dataset</mdHrLvName><refSysInfo><RefSystem><refSysID><identCode code="0" Sync="TRUE"></identCode></refSysID></RefSystem></refSysInfo><spatRepInfo><VectSpatRep><geometObjs Name="OlmstedParks"><geoObjTyp><GeoObjTypCd value="002" Sync="TRUE"></GeoObjTypCd></geoObjTyp><geoObjCnt Sync="TRUE">0</geoObjCnt></geometObjs><topLvl><TopoLevCd value="001" Sync="TRUE"></TopoLevCd></topLvl></VectSpatRep></spatRepInfo><spdoinfo><ptvctinf><esriterm Name="OlmstedParks"><efeatyp Sync="TRUE">Simple</efeatyp><efeageom code="4" Sync="TRUE"></efeageom><esritopo Sync="TRUE">FALSE</esritopo><efeacnt Sync="TRUE">0</efeacnt><spindex Sync="TRUE">FALSE</spindex><linrefer Sync="TRUE">FALSE</linrefer></esriterm></ptvctinf></spdoinfo><eainfo><detailed Name="OlmstedParks"><enttyp><enttypl Sync="TRUE">OlmstedParks</enttypl><enttypt Sync="TRUE">Feature Class</enttypt><enttypc Sync="TRUE">0</enttypc></enttyp><attr><attrlabl Sync="TRUE">FID</attrlabl><attalias Sync="TRUE">FID</attalias><attrtype Sync="TRUE">OID</attrtype><attwidth Sync="TRUE">4</attwidth><atprecis Sync="TRUE">0</atprecis><attscale Sync="TRUE">0</attscale><attrdef Sync="TRUE">Internal feature number.</attrdef><attrdefs Sync="TRUE">Esri</attrdefs><attrdomv><udom Sync="TRUE">Sequential unique whole numbers that are automatically generated.</udom></attrdomv></attr><attr><attrlabl Sync="TRUE">Shape</attrlabl><attalias Sync="TRUE">Shape</attalias><attrtype Sync="TRUE">Geometry</attrtype><attwidth Sync="TRUE">0</attwidth><atprecis Sync="TRUE">0</atprecis><attscale Sync="TRUE">0</attscale><attrdef Sync="TRUE">Feature geometry.</attrdef><attrdefs Sync="TRUE">Esri</attrdefs><attrdomv><udom Sync="TRUE">Coordinates defining the features.</udom></attrdomv></attr><attr><attrlabl Sync="TRUE">name_label</attrlabl><attalias Sync="TRUE">name_label</attalias><attrtype Sync="TRUE">String</attrtype><attwidth Sync="TRUE">254</attwidth><atprecis Sync="TRUE">0</atprecis><attscale Sync="TRUE">0</attscale></attr><attr><attrlabl Sync="TRUE">street</attrlabl><attalias Sync="TRUE">street</attalias><attrtype Sync="TRUE">String</attrtype><attwidth Sync="TRUE">254</attwidth><atprecis Sync="TRUE">0</atprecis><attscale Sync="TRUE">0</attscale></attr><attr><attrlabl Sync="TRUE">year</attrlabl><attalias Sync="TRUE">year</attalias><attrtype Sync="TRUE">Double</attrtype><attwidth Sync="TRUE">19</attwidth><atprecis Sync="TRUE">18</atprecis><attscale Sync="TRUE">17</attscale></attr><attr><attrlabl Sync="TRUE">sbl</attrlabl><attalias Sync="TRUE">sbl</attalias><attrtype Sync="TRUE">String</attrtype><attwidth Sync="TRUE">254</attwidth><atprecis Sync="TRUE">0</atprecis><attscale Sync="TRUE">0</attscale></attr><attr><attrlabl Sync="TRUE">land_use</attrlabl><attalias Sync="TRUE">land_use</attalias><attrtype Sync="TRUE">String</attrtype><attwidth Sync="TRUE">254</attwidth><atprecis Sync="TRUE">0</atprecis><attscale Sync="TRUE">0</attscale></attr><attr><attrlabl Sync="TRUE">type</attrlabl><attalias Sync="TRUE">type</attalias><attrtype Sync="TRUE">String</attrtype><attwidth Sync="TRUE">254</attwidth><atprecis Sync="TRUE">0</atprecis><attscale Sync="TRUE">0</attscale></attr><attr><attrlabl Sync="TRUE">class</attrlabl><attalias Sync="TRUE">class</attalias><attrtype Sync="TRUE">String</attrtype><attwidth Sync="TRUE">254</attwidth><atprecis Sync="TRUE">0</atprecis><attscale Sync="TRUE">0</attscale></attr><attr><attrlabl Sync="TRUE">parkcatego</attrlabl><attalias Sync="TRUE">parkcatego</attalias><attrtype Sync="TRUE">String</attrtype><attwidth Sync="TRUE">254</attwidth><atprecis Sync="TRUE">0</atprecis><attscale Sync="TRUE">0</attscale></attr><attr><attrlabl Sync="TRUE">parkcate_1</attrlabl><attalias Sync="TRUE">parkcate_1</attalias><attrtype Sync="TRUE">String</attrtype><attwidth Sync="TRUE">254</attwidth><atprecis Sync="TRUE">0</atprecis><attscale Sync="TRUE">0</attscale></attr><attr><attrlabl Sync="TRUE">maintained</attrlabl><attalias Sync="TRUE">maintained</attalias><attrtype Sync="TRUE">String</attrtype><attwidth Sync="TRUE">254</attwidth><atprecis Sync="TRUE">0</atprecis><attscale Sync="TRUE">0</attscale></attr><attr><attrlabl Sync="TRUE">acres</attrlabl><attalias Sync="TRUE">acres</attalias><attrtype Sync="TRUE">Double</attrtype><attwidth Sync="TRUE">19</attwidth><atprecis Sync="TRUE">18</atprecis><attscale Sync="TRUE">17</attscale></attr><attr><attrlabl Sync="TRUE">park_distr</attrlabl><attalias Sync="TRUE">park_distr</attalias><attrtype Sync="TRUE">String</attrtype><attwidth Sync="TRUE">254</attwidth><atprecis Sync="TRUE">0</atprecis><attscale Sync="TRUE">0</attscale></attr><attr><attrlabl Sync="TRUE">nbhdname</attrlabl><attalias Sync="TRUE">nbhdname</attalias><attrtype Sync="TRUE">String</attrtype><attwidth Sync="TRUE">254</attwidth><atprecis Sync="TRUE">0</atprecis><attscale Sync="TRUE">0</attscale></attr><attr><attrlabl Sync="TRUE">council_d</attrlabl><attalias Sync="TRUE">council_d</attalias><attrtype Sync="TRUE">String</attrtype><attwidth Sync="TRUE">254</attwidth><atprecis Sync="TRUE">0</atprecis><attscale Sync="TRUE">0</attscale></attr><attr><attrlabl Sync="TRUE">designated</attrlabl><attalias Sync="TRUE">designated</attalias><attrtype Sync="TRUE">Double</attrtype><attwidth Sync="TRUE">19</attwidth><atprecis Sync="TRUE">18</atprecis><attscale Sync="TRUE">17</attscale></attr><attr><attrlabl Sync="TRUE">baseball_d</attrlabl><attalias Sync="TRUE">baseball_d</attalias><attrtype Sync="TRUE">Double</attrtype><attwidth Sync="TRUE">19</attwidth><atprecis Sync="TRUE">18</atprecis><attscale Sync="TRUE">17</attscale></attr><attr><attrlabl Sync="TRUE">baseball_l</attrlabl><attalias Sync="TRUE">baseball_l</attalias><attrtype Sync="TRUE">Double</attrtype><attwidth Sync="TRUE">19</attwidth><atprecis Sync="TRUE">18</atprecis><attscale Sync="TRUE">17</attscale></attr><attr><attrlabl Sync="TRUE">basketball</attrlabl><attalias Sync="TRUE">basketball</attalias><attrtype Sync="TRUE">Double</attrtype><attwidth Sync="TRUE">19</attwidth><atprecis Sync="TRUE">18</atprecis><attscale Sync="TRUE">17</attscale></attr><attr><attrlabl Sync="TRUE">canoe_laun</attrlabl><attalias Sync="TRUE">canoe_laun</attalias><attrtype Sync="TRUE">Double</attrtype><attwidth Sync="TRUE">19</attwidth><atprecis Sync="TRUE">18</atprecis><attscale Sync="TRUE">17</attscale></attr><attr><attrlabl Sync="TRUE">casino_lod</attrlabl><attalias Sync="TRUE">casino_lod</attalias><attrtype Sync="TRUE">Double</attrtype><attwidth Sync="TRUE">19</attwidth><atprecis Sync="TRUE">18</atprecis><attscale Sync="TRUE">17</attscale></attr><attr><attrlabl Sync="TRUE">concession</attrlabl><attalias Sync="TRUE">concession</attalias><attrtype Sync="TRUE">Double</attrtype><attwidth Sync="TRUE">19</attwidth><atprecis Sync="TRUE">18</atprecis><attscale Sync="TRUE">17</attscale></attr><attr><attrlabl Sync="TRUE">cricket_pi</attrlabl><attalias Sync="TRUE">cricket_pi</attalias><attrtype Sync="TRUE">Double</attrtype><attwidth Sync="TRUE">19</attwidth><atprecis Sync="TRUE">18</atprecis><attscale Sync="TRUE">17</attscale></attr><attr><attrlabl Sync="TRUE">dog_park</attrlabl><attalias Sync="TRUE">dog_park</attalias><attrtype Sync="TRUE">Double</attrtype><attwidth Sync="TRUE">19</attwidth><atprecis Sync="TRUE">18</atprecis><attscale Sync="TRUE">17</attscale></attr><attr><attrlabl Sync="TRUE">fitness_ar</attrlabl><attalias Sync="TRUE">fitness_ar</attalias><attrtype Sync="TRUE">Double</attrtype><attwidth Sync="TRUE">19</attwidth><atprecis Sync="TRUE">18</atprecis><attscale Sync="TRUE">17</attscale></attr><attr><attrlabl Sync="TRUE">flagpole</attrlabl><attalias Sync="TRUE">flagpole</attalias><attrtype Sync="TRUE">Double</attrtype><attwidth Sync="TRUE">19</attwidth><atprecis Sync="TRUE">18</atprecis><attscale Sync="TRUE">17</attscale></attr><attr><attrlabl Sync="TRUE">football_f</attrlabl><attalias Sync="TRUE">football_f</attalias><attrtype Sync="TRUE">Double</attrtype><attwidth Sync="TRUE">19</attwidth><atprecis Sync="TRUE">18</atprecis><attscale Sync="TRUE">17</attscale></attr><attr><attrlabl Sync="TRUE">fountain</attrlabl><attalias Sync="TRUE">fountain</attalias><attrtype Sync="TRUE">Double</attrtype><attwidth Sync="TRUE">19</attwidth><atprecis Sync="TRUE">18</atprecis><attscale Sync="TRUE">17</attscale></attr><attr><attrlabl Sync="TRUE">golf_cours</attrlabl><attalias Sync="TRUE">golf_cours</attalias><attrtype Sync="TRUE">Double</attrtype><attwidth Sync="TRUE">19</attwidth><atprecis Sync="TRUE">18</atprecis><attscale Sync="TRUE">17</attscale></attr><attr><attrlabl Sync="TRUE">handball_c</attrlabl><attalias Sync="TRUE">handball_c</attalias><attrtype Sync="TRUE">Double</attrtype><attwidth Sync="TRUE">19</attwidth><atprecis Sync="TRUE">18</atprecis><attscale Sync="TRUE">17</attscale></attr><attr><attrlabl Sync="TRUE">hockey_cou</attrlabl><attalias Sync="TRUE">hockey_cou</attalias><attrtype Sync="TRUE">Double</attrtype><attwidth Sync="TRUE">19</attwidth><atprecis Sync="TRUE">18</atprecis><attscale Sync="TRUE">17</attscale></attr><attr><attrlabl Sync="TRUE">ice_rink</attrlabl><attalias Sync="TRUE">ice_rink</attalias><attrtype Sync="TRUE">Double</attrtype><attwidth Sync="TRUE">19</attwidth><atprecis Sync="TRUE">18</atprecis><attscale Sync="TRUE">17</attscale></attr><attr><attrlabl Sync="TRUE">natural_ar</attrlabl><attalias Sync="TRUE">natural_ar</attalias><attrtype Sync="TRUE">Double</attrtype><attwidth Sync="TRUE">19</attwidth><atprecis Sync="TRUE">18</atprecis><attscale Sync="TRUE">17</attscale></attr><attr><attrlabl Sync="TRUE">nature_cen</attrlabl><attalias Sync="TRUE">nature_cen</attalias><attrtype Sync="TRUE">Double</attrtype><attwidth Sync="TRUE">19</attwidth><atprecis Sync="TRUE">18</atprecis><attscale Sync="TRUE">17</attscale></attr><attr><attrlabl Sync="TRUE">parking</attrlabl><attalias Sync="TRUE">parking</attalias><attrtype Sync="TRUE">Double</attrtype><attwidth Sync="TRUE">19</attwidth><atprecis Sync="TRUE">18</atprecis><attscale Sync="TRUE">17</attscale></attr><attr><attrlabl Sync="TRUE">picnic_she</attrlabl><attalias Sync="TRUE">picnic_she</attalias><attrtype Sync="TRUE">Double</attrtype><attwidth Sync="TRUE">19</attwidth><atprecis Sync="TRUE">18</atprecis><attscale Sync="TRUE">17</attscale></attr><attr><attrlabl Sync="TRUE">playground</attrlabl><attalias Sync="TRUE">playground</attalias><attrtype Sync="TRUE">Double</attrtype><attwidth Sync="TRUE">19</attwidth><atprecis Sync="TRUE">18</atprecis><attscale Sync="TRUE">17</attscale></attr><attr><attrlabl Sync="TRUE">pool</attrlabl><attalias Sync="TRUE">pool</attalias><attrtype Sync="TRUE">Double</attrtype><attwidth Sync="TRUE">19</attwidth><atprecis Sync="TRUE">18</atprecis><attscale Sync="TRUE">17</attscale></attr><attr><attrlabl Sync="TRUE">pool_indo</attrlabl><attalias Sync="TRUE">pool_indo</attalias><attrtype Sync="TRUE">Double</attrtype><attwidth Sync="TRUE">19</attwidth><atprecis Sync="TRUE">18</atprecis><attscale Sync="TRUE">17</attscale></attr><attr><attrlabl Sync="TRUE">public_art</attrlabl><attalias Sync="TRUE">public_art</attalias><attrtype Sync="TRUE">Double</attrtype><attwidth Sync="TRUE">19</attwidth><atprecis Sync="TRUE">18</atprecis><attscale Sync="TRUE">17</attscale></attr><attr><attrlabl Sync="TRUE">recreation</attrlabl><attalias Sync="TRUE">recreation</attalias><attrtype Sync="TRUE">Double</attrtype><attwidth Sync="TRUE">19</attwidth><atprecis Sync="TRUE">18</atprecis><attscale Sync="TRUE">17</attscale></attr><attr><attrlabl Sync="TRUE">restroom</attrlabl><attalias Sync="TRUE">restroom</attalias><attrtype Sync="TRUE">Double</attrtype><attwidth Sync="TRUE">19</attwidth><atprecis Sync="TRUE">18</atprecis><attscale Sync="TRUE">17</attscale></attr><attr><attrlabl Sync="TRUE">skatepark</attrlabl><attalias Sync="TRUE">skatepark</attalias><attrtype Sync="TRUE">Double</attrtype><attwidth Sync="TRUE">19</attwidth><atprecis Sync="TRUE">18</atprecis><attscale Sync="TRUE">17</attscale></attr><attr><attrlabl Sync="TRUE">soccer_fie</attrlabl><attalias Sync="TRUE">soccer_fie</attalias><attrtype Sync="TRUE">Double</attrtype><attwidth Sync="TRUE">19</attwidth><atprecis Sync="TRUE">18</atprecis><attscale Sync="TRUE">17</attscale></attr><attr><attrlabl Sync="TRUE">softball</attrlabl><attalias Sync="TRUE">softball</attalias><attrtype Sync="TRUE">Double</attrtype><attwidth Sync="TRUE">19</attwidth><atprecis Sync="TRUE">18</atprecis><attscale Sync="TRUE">17</attscale></attr><attr><attrlabl Sync="TRUE">splashpad</attrlabl><attalias Sync="TRUE">splashpad</attalias><attrtype Sync="TRUE">Double</attrtype><attwidth Sync="TRUE">19</attwidth><atprecis Sync="TRUE">18</atprecis><attscale Sync="TRUE">17</attscale></attr><attr><attrlabl Sync="TRUE">t_ball</attrlabl><attalias Sync="TRUE">t_ball</attalias><attrtype Sync="TRUE">Double</attrtype><attwidth Sync="TRUE">19</attwidth><atprecis Sync="TRUE">18</atprecis><attscale Sync="TRUE">17</attscale></attr><attr><attrlabl Sync="TRUE">tennis</attrlabl><attalias Sync="TRUE">tennis</attalias><attrtype Sync="TRUE">Double</attrtype><attwidth Sync="TRUE">19</attwidth><atprecis Sync="TRUE">18</atprecis><attscale Sync="TRUE">17</attscale></attr><attr><attrlabl Sync="TRUE">track</attrlabl><attalias Sync="TRUE">track</attalias><attrtype Sync="TRUE">Double</attrtype><attwidth Sync="TRUE">19</attwidth><atprecis Sync="TRUE">18</atprecis><attscale Sync="TRUE">17</attscale></attr><attr><attrlabl Sync="TRUE">multiuse_t</attrlabl><attalias Sync="TRUE">multiuse_t</attalias><attrtype Sync="TRUE">Double</attrtype><attwidth Sync="TRUE">19</attwidth><atprecis Sync="TRUE">18</atprecis><attscale Sync="TRUE">17</attscale></attr><attr><attrlabl Sync="TRUE">multiuse_f</attrlabl><attalias Sync="TRUE">multiuse_f</attalias><attrtype Sync="TRUE">Double</attrtype><attwidth Sync="TRUE">19</attwidth><atprecis Sync="TRUE">18</atprecis><attscale Sync="TRUE">17</attscale></attr><attr><attrlabl Sync="TRUE">objectid</attrlabl><attalias Sync="TRUE">objectid</attalias><attrtype Sync="TRUE">Double</attrtype><attwidth Sync="TRUE">19</attwidth><atprecis Sync="TRUE">18</atprecis><attscale Sync="TRUE">17</attscale></attr></detailed></eainfo><mdDateSt Sync="TRUE">20220506</mdDateSt></metadata>
