<?xml version="1.0" encoding="UTF-8"?>
<metadata xml:lang="en"><Esri><CreaDate>20220506</CreaDate><CreaTime>21372100</CreaTime><ArcGISFormat>1.0</ArcGISFormat><SyncOnce>TRUE</SyncOnce><DataProperties><lineage><Process ToolSource="c:\program files\arcgis\pro\Resources\ArcToolbox\toolboxes\Data Management Tools.tbx\CopyFeatures" Date="20220506" Time="213721">CopyFeatures EvaluationRoads_Layer1 C:/Users/16056/Desktop/Donovan_Final/Data\RoadScores.shp # # # #</Process></lineage></DataProperties></Esri></metadata>
